"Problem","Package","File","Priority","Line","Description","Rule set","Rule"
"1","org.apache.royale.compiler.clients","D:\mlcq\data\ASC.java","3","756","Avoid really long methods.","Design","ExcessiveMethodLength"
"2","org.apache.royale.compiler.clients","D:\mlcq\data\ASC.java","3","1291","Avoid really long methods.","Design","ExcessiveMethodLength"
"1","org.apache.tajo.org.objectweb.asm.util","D:\mlcq\data\ASMifier.java","3","822","Avoid really long methods.","Design","ExcessiveMethodLength"
"1","org.apache.maven.plugins.javadoc","D:\mlcq\data\AbstractJavadocMojo.java","3","1951","Avoid really long methods.","Design","ExcessiveMethodLength"
"2","org.apache.maven.plugins.javadoc","D:\mlcq\data\AbstractJavadocMojo.java","3","3622","Avoid really long methods.","Design","ExcessiveMethodLength"
"3","org.apache.maven.plugins.javadoc","D:\mlcq\data\AbstractJavadocMojo.java","3","4648","Avoid really long methods.","Design","ExcessiveMethodLength"
"4","org.apache.maven.plugins.javadoc","D:\mlcq\data\AbstractJavadocMojo.java","3","4866","Avoid really long methods.","Design","ExcessiveMethodLength"
"5","org.apache.maven.plugins.javadoc","D:\mlcq\data\AbstractJavadocMojo.java","3","5101","Avoid really long methods.","Design","ExcessiveMethodLength"
"1","org.eclipse.ui.internal.presentations","D:\mlcq\data\AbstractTableInformationControl.java","3","191","Avoid really long methods.","Design","ExcessiveMethodLength"
"1","org.eclipse.swt.accessibility","D:\mlcq\data\Accessible.java","3","235","Avoid really long methods.","Design","ExcessiveMethodLength"
"2","org.eclipse.swt.accessibility","D:\mlcq\data\Accessible.java","3","2040","Avoid really long methods.","Design","ExcessiveMethodLength"
"3","org.eclipse.swt.accessibility","D:\mlcq\data\Accessible.java","3","3717","Avoid really long methods.","Design","ExcessiveMethodLength"
"4","org.eclipse.swt.accessibility","D:\mlcq\data\Accessible.java","3","5562","Avoid really long methods.","Design","ExcessiveMethodLength"
"1","org.apache.accumulo.proxy.thrift","D:\mlcq\data\AccumuloProxy (1).java","3","7260","Avoid really long methods.","Design","ExcessiveMethodLength"
"2","org.apache.accumulo.proxy.thrift","D:\mlcq\data\AccumuloProxy (1).java","3","10551","Avoid really long methods.","Design","ExcessiveMethodLength"
"1","org.apache.accumulo.proxy.thrift","D:\mlcq\data\AccumuloProxy.java","3","7260","Avoid really long methods.","Design","ExcessiveMethodLength"
"2","org.apache.accumulo.proxy.thrift","D:\mlcq\data\AccumuloProxy.java","3","10551","Avoid really long methods.","Design","ExcessiveMethodLength"
"1","org.apache.gora.accumulo.store","D:\mlcq\data\AccumuloStore.java","3","510","Avoid really long methods.","Design","ExcessiveMethodLength"
"1","org.apache.qpid.server.security.access.config","D:\mlcq\data\AclFileParser.java","3","113","Avoid really long methods.","Design","ExcessiveMethodLength"
"1","org.apache.accumulo.proxy.thrift","D:\mlcq\data\ActiveScan.java","3","807","Avoid really long methods.","Design","ExcessiveMethodLength"
"2","org.apache.accumulo.proxy.thrift","D:\mlcq\data\ActiveScan.java","3","963","Avoid really long methods.","Design","ExcessiveMethodLength"
"3","org.apache.accumulo.proxy.thrift","D:\mlcq\data\ActiveScan.java","3","1218","Avoid really long methods.","Design","ExcessiveMethodLength"
"1","com.facebook.ads.sdk","D:\mlcq\data\AdLabel.java","3","156","Avoid really long methods.","Design","ExcessiveMethodLength"
"1","java.awt.geom","D:\mlcq\data\AffineTransform.java","3","879","Avoid really long methods.","Design","ExcessiveMethodLength"
"2","java.awt.geom","D:\mlcq\data\AffineTransform.java","3","2248","Avoid really long methods.","Design","ExcessiveMethodLength"
"3","java.awt.geom","D:\mlcq\data\AffineTransform.java","3","2457","Avoid really long methods.","Design","ExcessiveMethodLength"
"4","java.awt.geom","D:\mlcq\data\AffineTransform.java","3","2767","Avoid really long methods.","Design","ExcessiveMethodLength"
"5","java.awt.geom","D:\mlcq\data\AffineTransform.java","3","3555","Avoid really long methods.","Design","ExcessiveMethodLength"
"1","org.apache.airavata.api","D:\mlcq\data\Airavata (1).java","3","16300","Avoid really long methods.","Design","ExcessiveMethodLength"
"2","org.apache.airavata.api","D:\mlcq\data\Airavata (1).java","3","21750","Avoid really long methods.","Design","ExcessiveMethodLength"
"1","org.apache.airavata.api","D:\mlcq\data\Airavata.java","3","16300","Avoid really long methods.","Design","ExcessiveMethodLength"
"2","org.apache.airavata.api","D:\mlcq\data\Airavata.java","3","21750","Avoid really long methods.","Design","ExcessiveMethodLength"
"1","com.sun.tools.javap","D:\mlcq\data\AnnotationWriter.java","3","111","Avoid really long methods.","Design","ExcessiveMethodLength"
"1","com.facebook.ads.sdk","D:\mlcq\data\Application.java","3","342","Avoid really long methods.","Design","ExcessiveMethodLength"
"2","com.facebook.ads.sdk","D:\mlcq\data\Application.java","3","16410","Avoid really long methods.","Design","ExcessiveMethodLength"
"1","org.graalvm.visualvm.modules.customtype.ui","D:\mlcq\data\ApplicationTypeForm.java","3","100","Avoid really long methods.","Design","ExcessiveMethodLength"
"1","org.aspectj.weaver.bcel","D:\mlcq\data\AtAjAttributes.java","3","196","Avoid really long methods.","Design","ExcessiveMethodLength"
"2","org.aspectj.weaver.bcel","D:\mlcq\data\AtAjAttributes.java","3","719","Avoid really long methods.","Design","ExcessiveMethodLength"
"3","org.aspectj.weaver.bcel","D:\mlcq\data\AtAjAttributes.java","3","907","Avoid really long methods.","Design","ExcessiveMethodLength"
"1","org.apache.felix.mosgi.jmx.agent.mx4j.util","D:\mlcq\data\Base64Codec.java","3","218","Avoid really long methods.","Design","ExcessiveMethodLength"
"1","org.apache.phoenix.end2end","D:\mlcq\data\BaseAggregateIT.java","3","671","Avoid really long methods.","Design","ExcessiveMethodLength"
"2","org.apache.phoenix.end2end","D:\mlcq\data\BaseAggregateIT.java","3","910","Avoid really long methods.","Design","ExcessiveMethodLength"
"1","javax.swing.plaf.basic","D:\mlcq\data\BasicSliderUI.java","3","1473","Avoid really long methods.","Design","ExcessiveMethodLength"
"2","javax.swing.plaf.basic","D:\mlcq\data\BasicSliderUI.java","3","1915","Avoid really long methods.","Design","ExcessiveMethodLength"
"1","org.apache.brooklyn.util.core.task","D:\mlcq\data\BasicTask.java","3","593","Avoid really long methods.","Design","ExcessiveMethodLength"
"1","com.alibaba.otter.node.etl.model.protobuf","D:\mlcq\data\BatchProto.java","3","3019","Avoid really long methods.","Design","ExcessiveMethodLength"
"2","com.alibaba.otter.node.etl.model.protobuf","D:\mlcq\data\BatchProto.java","3","4351","Avoid really long methods.","Design","ExcessiveMethodLength"
"1","org.apache.drill.exec.proto","D:\mlcq\data\BitControl.java","3","4525","Avoid really long methods.","Design","ExcessiveMethodLength"
"1","org.eclipse.birt.report.designer.internal.ui.swt.custom","D:\mlcq\data\CLabel.java","3","507","Avoid really long methods.","Design","ExcessiveMethodLength"
"1","org.graalvm.visualvm.lib.jfluid.results.cpu","D:\mlcq\data\CPUCallGraphBuilder.java","3","1046","Avoid really long methods.","Design","ExcessiveMethodLength"
"1","com.sun.rowset","D:\mlcq\data\CachedRowSetImpl.java","3","7247","Avoid really long methods.","Design","ExcessiveMethodLength"
"1","com.alibaba.otter.canal.protocol","D:\mlcq\data\CanalEntry (1).java","3","1597","Avoid really long methods.","Design","ExcessiveMethodLength"
"1","com.alibaba.otter.canal.protocol","D:\mlcq\data\CanalEntry.java","3","1597","Avoid really long methods.","Design","ExcessiveMethodLength"
"1","org.eclipse.birt.report.designer.ui.dialogs","D:\mlcq\data\CascadingParametersDialog.java","3","639","Avoid really long methods.","Design","ExcessiveMethodLength"
"2","org.eclipse.birt.report.designer.ui.dialogs","D:\mlcq\data\CascadingParametersDialog.java","3","871","Avoid really long methods.","Design","ExcessiveMethodLength"
"3","org.eclipse.birt.report.designer.ui.dialogs","D:\mlcq\data\CascadingParametersDialog.java","3","1188","Avoid really long methods.","Design","ExcessiveMethodLength"
"4","org.eclipse.birt.report.designer.ui.dialogs","D:\mlcq\data\CascadingParametersDialog.java","3","1472","Avoid really long methods.","Design","ExcessiveMethodLength"
"5","org.eclipse.birt.report.designer.ui.dialogs","D:\mlcq\data\CascadingParametersDialog.java","3","2118","Avoid really long methods.","Design","ExcessiveMethodLength"
"6","org.eclipse.birt.report.designer.ui.dialogs","D:\mlcq\data\CascadingParametersDialog.java","3","2875","Avoid really long methods.","Design","ExcessiveMethodLength"
"1","org.apache.openjpa.meta","D:\mlcq\data\ClassMetaData.java","3","1832","Avoid really long methods.","Design","ExcessiveMethodLength"
"1","org.eclipse.jdt.core.tests.model","D:\mlcq\data\ClasspathInitializerTests.java","3","1765","Avoid really long methods.","Design","ExcessiveMethodLength"
"1","org.springframework.ide.eclipse.boot.dash.cloudfoundry","D:\mlcq\data\CloudFoundryBootDashModel.java","3","623","Avoid really long methods.","Design","ExcessiveMethodLength"
"1","org.eclipse.jdt.internal.compiler.ast","D:\mlcq\data\CompilationUnitDeclaration.java","3","241","Avoid really long methods.","Design","ExcessiveMethodLength"
"1","org.apache.airavata.registry.core.app.catalog.resources","D:\mlcq\data\ComputeHostPreferenceResource.java","3","310","Avoid really long methods.","Design","ExcessiveMethodLength"
"1","java.util.concurrent","D:\mlcq\data\ConcurrentHashMap.java","3","1889","Avoid really long methods.","Design","ExcessiveMethodLength"
"2","java.util.concurrent","D:\mlcq\data\ConcurrentHashMap.java","3","2416","Avoid really long methods.","Design","ExcessiveMethodLength"
"1","org.springframework.context.annotation","D:\mlcq\data\ConfigurationClassBeanDefinitionReader.java","3","178","Avoid really long methods.","Design","ExcessiveMethodLength"
"1","com.cloud.consoleproxy","D:\mlcq\data\ConsoleProxyManagerImpl.java","3","1242","Avoid really long methods.","Design","ExcessiveMethodLength"
"1","org.apache.ofbiz.party.contact","D:\mlcq\data\ContactMechWorker.java","3","313","Avoid really long methods.","Design","ExcessiveMethodLength"
"2","org.apache.ofbiz.party.contact","D:\mlcq\data\ContactMechWorker.java","3","538","Avoid really long methods.","Design","ExcessiveMethodLength"
"1","org.apache.hadoop.yarn.server.nodemanager.containermanager.launcher","D:\mlcq\data\ContainerLaunch.java","3","194","Avoid really long methods.","Design","ExcessiveMethodLength"
"1","org.apache.openjpa.jdbc.sql","D:\mlcq\data\DB2Dictionary.java","3","282","Avoid really long methods.","Design","ExcessiveMethodLength"
"1","org.apache.batik.apps.svgbrowser","D:\mlcq\data\DOMViewer.java","3","832","Avoid really long methods.","Design","ExcessiveMethodLength"
"1","org.apache.derby.impl.sql.catalog","D:\mlcq\data\DataDictionaryImpl.java","3","517","Avoid really long methods.","Design","ExcessiveMethodLength"
"2","org.apache.derby.impl.sql.catalog","D:\mlcq\data\DataDictionaryImpl.java","3","1008","Avoid really long methods.","Design","ExcessiveMethodLength"
"3","org.apache.derby.impl.sql.catalog","D:\mlcq\data\DataDictionaryImpl.java","3","1214","Avoid really long methods.","Design","ExcessiveMethodLength"
"4","org.apache.derby.impl.sql.catalog","D:\mlcq\data\DataDictionaryImpl.java","3","4747","Avoid really long methods.","Design","ExcessiveMethodLength"
"5","org.apache.derby.impl.sql.catalog","D:\mlcq\data\DataDictionaryImpl.java","3","4974","Avoid really long methods.","Design","ExcessiveMethodLength"
"6","org.apache.derby.impl.sql.catalog","D:\mlcq\data\DataDictionaryImpl.java","3","5225","Avoid really long methods.","Design","ExcessiveMethodLength"
"7","org.apache.derby.impl.sql.catalog","D:\mlcq\data\DataDictionaryImpl.java","3","5917","Avoid really long methods.","Design","ExcessiveMethodLength"
"8","org.apache.derby.impl.sql.catalog","D:\mlcq\data\DataDictionaryImpl.java","3","6239","Avoid really long methods.","Design","ExcessiveMethodLength"
"9","org.apache.derby.impl.sql.catalog","D:\mlcq\data\DataDictionaryImpl.java","3","8012","Avoid really long methods.","Design","ExcessiveMethodLength"
"10","org.apache.derby.impl.sql.catalog","D:\mlcq\data\DataDictionaryImpl.java","3","9390","Avoid really long methods.","Design","ExcessiveMethodLength"
"11","org.apache.derby.impl.sql.catalog","D:\mlcq\data\DataDictionaryImpl.java","3","9733","Avoid really long methods.","Design","ExcessiveMethodLength"
"12","org.apache.derby.impl.sql.catalog","D:\mlcq\data\DataDictionaryImpl.java","3","9888","Avoid really long methods.","Design","ExcessiveMethodLength"
"13","org.apache.derby.impl.sql.catalog","D:\mlcq\data\DataDictionaryImpl.java","3","10816","Avoid really long methods.","Design","ExcessiveMethodLength"
"14","org.apache.derby.impl.sql.catalog","D:\mlcq\data\DataDictionaryImpl.java","3","11475","Avoid really long methods.","Design","ExcessiveMethodLength"
"15","org.apache.derby.impl.sql.catalog","D:\mlcq\data\DataDictionaryImpl.java","3","12146","Avoid really long methods.","Design","ExcessiveMethodLength"
"16","org.apache.derby.impl.sql.catalog","D:\mlcq\data\DataDictionaryImpl.java","3","12294","Avoid really long methods.","Design","ExcessiveMethodLength"
"17","org.apache.derby.impl.sql.catalog","D:\mlcq\data\DataDictionaryImpl.java","3","12857","Avoid really long methods.","Design","ExcessiveMethodLength"
"18","org.apache.derby.impl.sql.catalog","D:\mlcq\data\DataDictionaryImpl.java","3","13122","Avoid really long methods.","Design","ExcessiveMethodLength"
"19","org.apache.derby.impl.sql.catalog","D:\mlcq\data\DataDictionaryImpl.java","3","13752","Avoid really long methods.","Design","ExcessiveMethodLength"
"1","org.eclipse.birt.chart.ui.swt.composites","D:\mlcq\data\DataItemCombo.java","3","95","Avoid really long methods.","Design","ExcessiveMethodLength"
"2","org.eclipse.birt.chart.ui.swt.composites","D:\mlcq\data\DataItemCombo.java","3","1174","Avoid really long methods.","Design","ExcessiveMethodLength"
"3","org.eclipse.birt.chart.ui.swt.composites","D:\mlcq\data\DataItemCombo.java","3","1343","Avoid really long methods.","Design","ExcessiveMethodLength"
"4","org.eclipse.birt.chart.ui.swt.composites","D:\mlcq\data\DataItemCombo.java","3","2135","Avoid really long methods.","Design","ExcessiveMethodLength"
"1","org.eclipse.swt.widgets","D:\mlcq\data\DateTime.java","3","1117","Avoid really long methods.","Design","ExcessiveMethodLength"
"1","org.springframework.roo.metadata","D:\mlcq\data\DefaultMetadataService.java","3","150","Avoid really long methods.","Design","ExcessiveMethodLength"
"1","org.apache.fineract.portfolio.savings.data","D:\mlcq\data\DepositProductDataValidator.java","3","208","Avoid really long methods.","Design","ExcessiveMethodLength"
"2","org.apache.fineract.portfolio.savings.data","D:\mlcq\data\DepositProductDataValidator.java","3","413","Avoid really long methods.","Design","ExcessiveMethodLength"
"1","org.eclipse.smarthome.binding.digitalstrom.internal.lib.structure.devices.impl","D:\mlcq\data\DeviceImpl.java","3","643","Avoid really long methods.","Design","ExcessiveMethodLength"
"1","org.eclipse.kapua.app.console.module.device.client.device.bundles","D:\mlcq\data\DeviceTabBundles.java","3","134","Avoid really long methods.","Design","ExcessiveMethodLength"
"1","org.graalvm.visualvm.lib.profiler.snaptracer.impl.timeline","D:\mlcq\data\DiscreteXYPainter.java","3","118","Avoid really long methods.","Design","ExcessiveMethodLength"
"1","org.apache.geode.internal.cache","D:\mlcq\data\DistributedRegion.java","3","1113","Avoid really long methods.","Design","ExcessiveMethodLength"
"2","org.apache.geode.internal.cache","D:\mlcq\data\DistributedRegion.java","3","1385","Avoid really long methods.","Design","ExcessiveMethodLength"
"1","org.apache.solr.update.processor","D:\mlcq\data\DistributedZkUpdateProcessor.java","3","580","Avoid really long methods.","Design","ExcessiveMethodLength"
"2","org.apache.solr.update.processor","D:\mlcq\data\DistributedZkUpdateProcessor.java","3","1040","Avoid really long methods.","Design","ExcessiveMethodLength"
"1","org.grails.ide.eclipse.editor.groovy.elements","D:\mlcq\data\DomainClass.java","3","267","Avoid really long methods.","Design","ExcessiveMethodLength"
"1","org.apache.nifi.web.api.dto","D:\mlcq\data\DtoFactory.java","3","2019","Avoid really long methods.","Design","ExcessiveMethodLength"
"2","org.apache.nifi.web.api.dto","D:\mlcq\data\DtoFactory.java","3","3468","Avoid really long methods.","Design","ExcessiveMethodLength"
"1","com.facebook.ads.sdk","D:\mlcq\data\DynamicItemDisplayBundle.java","3","160","Avoid really long methods.","Design","ExcessiveMethodLength"
"1","org.eclipse.jdt.internal.compiler.apt.util","D:\mlcq\data\EclipseFileManager.java","3","632","Avoid really long methods.","Design","ExcessiveMethodLength"
"2","org.eclipse.jdt.internal.compiler.apt.util","D:\mlcq\data\EclipseFileManager.java","3","977","Avoid really long methods.","Design","ExcessiveMethodLength"
"1","org.eclipse.dawnsci.analysis.dataset.roi.fitting","D:\mlcq\data\EllipseFitter.java","3","357","Avoid really long methods.","Design","ExcessiveMethodLength"
"1","org.apache.camel.processor","D:\mlcq\data\Enricher.java","3","148","Avoid really long methods.","Design","ExcessiveMethodLength"
"1","org.eclipse.milo.examples.server","D:\mlcq\data\ExampleNamespace.java","3","392","Avoid really long methods.","Design","ExcessiveMethodLength"
"1","org.eclipse.birt.report.designer.ui.dialogs","D:\mlcq\data\ExpressionBuilder.java","3","837","Avoid really long methods.","Design","ExcessiveMethodLength"
"1","org.apache.tajo.engine.planner.physical","D:\mlcq\data\ExternalSortExec.java","3","375","Avoid really long methods.","Design","ExcessiveMethodLength"
"1","org.apache.commons.net.ftp","D:\mlcq\data\FTPClient.java","3","811","Avoid really long methods.","Design","ExcessiveMethodLength"
"1","org.apache.commons.math4.util","D:\mlcq\data\FastMath.java","3","470","Avoid really long methods.","Design","ExcessiveMethodLength"
"2","org.apache.commons.math4.util","D:\mlcq\data\FastMath.java","3","595","Avoid really long methods.","Design","ExcessiveMethodLength"
"3","org.apache.commons.math4.util","D:\mlcq\data\FastMath.java","3","874","Avoid really long methods.","Design","ExcessiveMethodLength"
"4","org.apache.commons.math4.util","D:\mlcq\data\FastMath.java","3","1007","Avoid really long methods.","Design","ExcessiveMethodLength"
"5","org.apache.commons.math4.util","D:\mlcq\data\FastMath.java","3","1165","Avoid really long methods.","Design","ExcessiveMethodLength"
"6","org.apache.commons.math4.util","D:\mlcq\data\FastMath.java","3","1474","Avoid really long methods.","Design","ExcessiveMethodLength"
"7","org.apache.commons.math4.util","D:\mlcq\data\FastMath.java","3","1813","Avoid really long methods.","Design","ExcessiveMethodLength"
"8","org.apache.commons.math4.util","D:\mlcq\data\FastMath.java","3","1956","Avoid really long methods.","Design","ExcessiveMethodLength"
"9","org.apache.commons.math4.util","D:\mlcq\data\FastMath.java","3","2104","Avoid really long methods.","Design","ExcessiveMethodLength"
"10","org.apache.commons.math4.util","D:\mlcq\data\FastMath.java","3","2529","Avoid really long methods.","Design","ExcessiveMethodLength"
"11","org.apache.commons.math4.util","D:\mlcq\data\FastMath.java","3","2682","Avoid really long methods.","Design","ExcessiveMethodLength"
"1","org.apache.sis.feature","D:\mlcq\data\FeatureFormat.java","3","295","Avoid really long methods.","Design","ExcessiveMethodLength"
"1","org.opengrok.indexer.history","D:\mlcq\data\FileHistoryCache.java","3","407","Avoid really long methods.","Design","ExcessiveMethodLength"
"1","com.google.common.jimfs","D:\mlcq\data\FileSystemView.java","3","542","Avoid really long methods.","Design","ExcessiveMethodLength"
"1","org.eclipse.birt.report.model.api.filterExtension","D:\mlcq\data\FilterExprDefinition.java","3","182","Avoid really long methods.","Design","ExcessiveMethodLength"
"1","org.apache.royale.compiler.internal.config","D:\mlcq\data\FlashBuilderConfigurator.java","3","240","Avoid really long methods.","Design","ExcessiveMethodLength"
"1","org.eclipse.ui.internal.forms.widgets","D:\mlcq\data\FormHeading.java","3","152","Avoid really long methods.","Design","ExcessiveMethodLength"
"1","org.eclipse.jdt.core.tests.formatter","D:\mlcq\data\FormatterBugsTests.java","3","9934","Avoid really long methods.","Design","ExcessiveMethodLength"
"1","org.apache.xmlbeans","D:\mlcq\data\GDate.java","3","72","Avoid really long methods.","Design","ExcessiveMethodLength"
"2","org.apache.xmlbeans","D:\mlcq\data\GDate.java","3","407","Avoid really long methods.","Design","ExcessiveMethodLength"
"1","com.cloud.utils.db","D:\mlcq\data\GenericDaoBase.java","3","522","Avoid really long methods.","Design","ExcessiveMethodLength"
"2","com.cloud.utils.db","D:\mlcq\data\GenericDaoBase.java","3","1518","Avoid really long methods.","Design","ExcessiveMethodLength"
"1","org.grails.ide.eclipse.core.launch","D:\mlcq\data\GrailsLaunchConfigurationDelegate.java","3","171","Avoid really long methods.","Design","ExcessiveMethodLength"
"1","org.apache.hama.bsp","D:\mlcq\data\GroomServer.java","3","309","Avoid really long methods.","Design","ExcessiveMethodLength"
"1","com.google.transit.realtime","D:\mlcq\data\GtfsRealtime.java","3","8066","Avoid really long methods.","Design","ExcessiveMethodLength"
"2","com.google.transit.realtime","D:\mlcq\data\GtfsRealtime.java","3","10458","Avoid really long methods.","Design","ExcessiveMethodLength"
"1","org.apache.phoenix.end2end.join","D:\mlcq\data\HashJoinLocalIndexIT.java","3","50","Avoid really long methods.","Design","ExcessiveMethodLength"
"1","org.apache.hadoop.hive.ql.hooks.proto","D:\mlcq\data\HiveHookEvents.java","3","849","Avoid really long methods.","Design","ExcessiveMethodLength"
"1","org.apache.hadoop.hive.metastore","D:\mlcq\data\HiveMetaStore.java","3","1546","Avoid really long methods.","Design","ExcessiveMethodLength"
"2","org.apache.hadoop.hive.metastore","D:\mlcq\data\HiveMetaStore.java","3","1890","Avoid really long methods.","Design","ExcessiveMethodLength"
"3","org.apache.hadoop.hive.metastore","D:\mlcq\data\HiveMetaStore.java","3","4138","Avoid really long methods.","Design","ExcessiveMethodLength"
"4","org.apache.hadoop.hive.metastore","D:\mlcq\data\HiveMetaStore.java","3","4456","Avoid really long methods.","Design","ExcessiveMethodLength"
"5","org.apache.hadoop.hive.metastore","D:\mlcq\data\HiveMetaStore.java","3","9564","Avoid really long methods.","Design","ExcessiveMethodLength"
"1","org.eclipse.jetty.server","D:\mlcq\data\HttpConnection.java","3","383","Avoid really long methods.","Design","ExcessiveMethodLength"
"2","org.eclipse.jetty.server","D:\mlcq\data\HttpConnection.java","3","737","Avoid really long methods.","Design","ExcessiveMethodLength"
"1","org.apache.openejb.server.httpd","D:\mlcq\data\HttpListenerRegistry.java","3","140","Avoid really long methods.","Design","ExcessiveMethodLength"
"1","com.microsoft.sqlserver.jdbc","D:\mlcq\data\IOBuffer.java","3","1599","Avoid really long methods.","Design","ExcessiveMethodLength"
"2","com.microsoft.sqlserver.jdbc","D:\mlcq\data\IOBuffer.java","3","2312","Avoid really long methods.","Design","ExcessiveMethodLength"
"3","com.microsoft.sqlserver.jdbc","D:\mlcq\data\IOBuffer.java","3","2452","Avoid really long methods.","Design","ExcessiveMethodLength"
"4","com.microsoft.sqlserver.jdbc","D:\mlcq\data\IOBuffer.java","3","4544","Avoid really long methods.","Design","ExcessiveMethodLength"
"5","com.microsoft.sqlserver.jdbc","D:\mlcq\data\IOBuffer.java","3","4667","Avoid really long methods.","Design","ExcessiveMethodLength"
"6","com.microsoft.sqlserver.jdbc","D:\mlcq\data\IOBuffer.java","3","4959","Avoid really long methods.","Design","ExcessiveMethodLength"
"7","com.microsoft.sqlserver.jdbc","D:\mlcq\data\IOBuffer.java","3","5644","Avoid really long methods.","Design","ExcessiveMethodLength"
"8","com.microsoft.sqlserver.jdbc","D:\mlcq\data\IOBuffer.java","3","5778","Avoid really long methods.","Design","ExcessiveMethodLength"
"9","com.microsoft.sqlserver.jdbc","D:\mlcq\data\IOBuffer.java","3","6395","Avoid really long methods.","Design","ExcessiveMethodLength"
"1","org.apache.ignite.spi","D:\mlcq\data\IgniteSpiAdapter.java","3","505","Avoid really long methods.","Design","ExcessiveMethodLength"
"1","org.eclipse.jdt.internal.core.hierarchy","D:\mlcq\data\IndexBasedHierarchyBuilder.java","3","270","Avoid really long methods.","Design","ExcessiveMethodLength"
"1","org.apache.druid.segment","D:\mlcq\data\IndexIO.java","3","301","Avoid really long methods.","Design","ExcessiveMethodLength"
"1","com.sun.imageio.plugins.jpeg","D:\mlcq\data\JPEGImageMetadataFormat.java","3","43","Avoid really long methods.","Design","ExcessiveMethodLength"
"1","org.apache.royale.compiler.internal.codegen.js.amd","D:\mlcq\data\JSAMDEmitter.java","3","251","Avoid really long methods.","Design","ExcessiveMethodLength"
"1","javax.swing","D:\mlcq\data\JTree.java","3","1302","Avoid really long methods.","Design","ExcessiveMethodLength"
"1","org.eclipse.jdt.core.tests.model","D:\mlcq\data\JavaSearchBugsTests.java","3","10978","Avoid really long methods.","Design","ExcessiveMethodLength"
"1","org.apache.zookeeper.graph","D:\mlcq\data\JsonGenerator.java","3","75","Avoid really long methods.","Design","ExcessiveMethodLength"
"1","org.apache.sentry.kafka.binding","D:\mlcq\data\KafkaAuthBinding.java","3","109","Avoid really long methods.","Design","ExcessiveMethodLength"
"1","org.apache.commons.math4.stat.correlation","D:\mlcq\data\KendallsCorrelation.java","3","154","Avoid really long methods.","Design","ExcessiveMethodLength"
"1","com.taobao.tddl.dbsync.binlog","D:\mlcq\data\LogBuffer (1).java","3","1300","Avoid really long methods.","Design","ExcessiveMethodLength"
"1","com.taobao.tddl.dbsync.binlog","D:\mlcq\data\LogBuffer.java","3","1300","Avoid really long methods.","Design","ExcessiveMethodLength"
"1","org.apache.lucene.codecs.lucene70","D:\mlcq\data\Lucene70DocValuesConsumer.java","3","153","Avoid really long methods.","Design","ExcessiveMethodLength"
"1","org.apache.royale.compiler.internal.tree.mxml","D:\mlcq\data\MXMLClassReferenceNodeBase.java","3","425","Avoid really long methods.","Design","ExcessiveMethodLength"
"1","com.oracle.objectfile.macho","D:\mlcq\data\MachOObjectFile.java","3","484","Avoid really long methods.","Design","ExcessiveMethodLength"
"2","com.oracle.objectfile.macho","D:\mlcq\data\MachOObjectFile.java","3","1902","Avoid really long methods.","Design","ExcessiveMethodLength"
"1","com.taobao.android.dx.command.dexer","D:\mlcq\data\Main.java","3","491","Avoid really long methods.","Design","ExcessiveMethodLength"
"2","com.taobao.android.dx.command.dexer","D:\mlcq\data\Main.java","3","1461","Avoid really long methods.","Design","ExcessiveMethodLength"
"1","com.esri.samples.map.manage_bookmarks","D:\mlcq\data\ManageBookmarksSample.java","3","53","Avoid really long methods.","Design","ExcessiveMethodLength"
"1","org.apache.hadoop.hive.ql.optimizer","D:\mlcq\data\MapJoinProcessor.java","3","1271","Avoid really long methods.","Design","ExcessiveMethodLength"
"1","org.apache.syncope.core.provisioning.java","D:\mlcq\data\MappingManagerImpl.java","3","390","Avoid really long methods.","Design","ExcessiveMethodLength"
"2","org.apache.syncope.core.provisioning.java","D:\mlcq\data\MappingManagerImpl.java","3","675","Avoid really long methods.","Design","ExcessiveMethodLength"
"1","sage","D:\mlcq\data\MetaImage.java","3","688","Avoid really long methods.","Design","ExcessiveMethodLength"
"2","sage","D:\mlcq\data\MetaImage.java","3","1455","Avoid really long methods.","Design","ExcessiveMethodLength"
"3","sage","D:\mlcq\data\MetaImage.java","3","2411","Avoid really long methods.","Design","ExcessiveMethodLength"
"4","sage","D:\mlcq\data\MetaImage.java","3","2725","Avoid really long methods.","Design","ExcessiveMethodLength"
"5","sage","D:\mlcq\data\MetaImage.java","3","3192","Avoid really long methods.","Design","ExcessiveMethodLength"
"6","sage","D:\mlcq\data\MetaImage.java","3","3614","Avoid really long methods.","Design","ExcessiveMethodLength"
"1","org.apache.tajo.org.objectweb.asm","D:\mlcq\data\MethodWriter.java","3","541","Avoid really long methods.","Design","ExcessiveMethodLength"
"2","org.apache.tajo.org.objectweb.asm","D:\mlcq\data\MethodWriter.java","3","1239","Avoid really long methods.","Design","ExcessiveMethodLength"
"3","org.apache.tajo.org.objectweb.asm","D:\mlcq\data\MethodWriter.java","3","1957","Avoid really long methods.","Design","ExcessiveMethodLength"
"4","org.apache.tajo.org.objectweb.asm","D:\mlcq\data\MethodWriter.java","3","2145","Avoid really long methods.","Design","ExcessiveMethodLength"
"1","org.apache.wicket.extensions.ajax.markup.html.modal","D:\mlcq\data\ModalWindow.java","3","1011","Avoid really long methods.","Design","ExcessiveMethodLength"
"1","org.apache.ofbiz.widget.model","D:\mlcq\data\ModelFormField.java","3","276","Avoid really long methods.","Design","ExcessiveMethodLength"
"2","org.apache.ofbiz.widget.model","D:\mlcq\data\ModelFormField.java","3","797","Avoid really long methods.","Design","ExcessiveMethodLength"
"1","org.apache.ofbiz.widget.model","D:\mlcq\data\ModelScreenWidget.java","3","1899","Avoid really long methods.","Design","ExcessiveMethodLength"
"1","org.eclipse.birt.report.model.util","D:\mlcq\data\ModelUtil (1).java","3","232","Avoid really long methods.","Design","ExcessiveMethodLength"
"1","org.eclipse.bpmn2.modeler.ui.property.tasks","D:\mlcq\data\MultiInstanceLoopCharacteristicsDetailComposite (1).java","3","166","Avoid really long methods.","Design","ExcessiveMethodLength"
"2","org.eclipse.bpmn2.modeler.ui.property.tasks","D:\mlcq\data\MultiInstanceLoopCharacteristicsDetailComposite (1).java","3","591","Avoid really long methods.","Design","ExcessiveMethodLength"
"1","org.eclipse.bpmn2.modeler.ui.property.tasks","D:\mlcq\data\MultiInstanceLoopCharacteristicsDetailComposite.java","3","166","Avoid really long methods.","Design","ExcessiveMethodLength"
"2","org.eclipse.bpmn2.modeler.ui.property.tasks","D:\mlcq\data\MultiInstanceLoopCharacteristicsDetailComposite.java","3","591","Avoid really long methods.","Design","ExcessiveMethodLength"
"1","org.eclipse.n4js.services","D:\mlcq\data\N4JSGrammarAccess.java","3","10261","Avoid really long methods.","Design","ExcessiveMethodLength"
"1","com.oracle.svm.hosted","D:\mlcq\data\NativeImageGenerator.java","3","488","Avoid really long methods.","Design","ExcessiveMethodLength"
"2","com.oracle.svm.hosted","D:\mlcq\data\NativeImageGenerator.java","3","635","Avoid really long methods.","Design","ExcessiveMethodLength"
"1","org.apache.bsf.engines.netrexx","D:\mlcq\data\NetRexxEngine.java","3","251","Avoid really long methods.","Design","ExcessiveMethodLength"
"1","org.apache.xalan.xsltc.runtime","D:\mlcq\data\ObjectFactory.java","3","257","Avoid really long methods.","Design","ExcessiveMethodLength"
"1","org.apache.hadoop.hdfs.tools.offlineImageViewer","D:\mlcq\data\OfflineImageReconstructor.java","3","924","Avoid really long methods.","Design","ExcessiveMethodLength"
"2","org.apache.hadoop.hdfs.tools.offlineImageViewer","D:\mlcq\data\OfflineImageReconstructor.java","3","1419","Avoid really long methods.","Design","ExcessiveMethodLength"
"1","org.apache.directory.api.asn1.util","D:\mlcq\data\Oid.java","3","187","Avoid really long methods.","Design","ExcessiveMethodLength"
"2","org.apache.directory.api.asn1.util","D:\mlcq\data\Oid.java","3","861","Avoid really long methods.","Design","ExcessiveMethodLength"
"3","org.apache.directory.api.asn1.util","D:\mlcq\data\Oid.java","3","1145","Avoid really long methods.","Design","ExcessiveMethodLength"
"1","org.apache.hadoop.hive.llap.io.encoded","D:\mlcq\data\OrcEncodedDataReader.java","3","273","Avoid really long methods.","Design","ExcessiveMethodLength"
"1","org.apache.lucene.codecs.blocktreeords","D:\mlcq\data\OrdsSegmentTermsEnum.java","3","236","Avoid really long methods.","Design","ExcessiveMethodLength"
"2","org.apache.lucene.codecs.blocktreeords","D:\mlcq\data\OrdsSegmentTermsEnum.java","3","497","Avoid really long methods.","Design","ExcessiveMethodLength"
"3","org.apache.lucene.codecs.blocktreeords","D:\mlcq\data\OrdsSegmentTermsEnum.java","3","1050","Avoid really long methods.","Design","ExcessiveMethodLength"
"1","org.eclipse.birt.report.designer.data.ui.dataset","D:\mlcq\data\OutputColumnDefnPage.java","3","1500","Avoid really long methods.","Design","ExcessiveMethodLength"
"1","org.eclipse.birt.report.designer.data.ui.dataset","D:\mlcq\data\OutputColumnsPage.java","3","387","Avoid really long methods.","Design","ExcessiveMethodLength"
"2","org.eclipse.birt.report.designer.data.ui.dataset","D:\mlcq\data\OutputColumnsPage.java","3","638","Avoid really long methods.","Design","ExcessiveMethodLength"
"1","org.eclipse.jgit.internal.storage.pack","D:\mlcq\data\PackWriter.java","3","1300","Avoid really long methods.","Design","ExcessiveMethodLength"
"2","org.eclipse.jgit.internal.storage.pack","D:\mlcq\data\PackWriter.java","3","1777","Avoid really long methods.","Design","ExcessiveMethodLength"
"1","com.facebook.ads.sdk","D:\mlcq\data\Page (1).java","3","432","Avoid really long methods.","Design","ExcessiveMethodLength"
"2","com.facebook.ads.sdk","D:\mlcq\data\Page (1).java","3","45480","Avoid really long methods.","Design","ExcessiveMethodLength"
"1","com.facebook.ads.sdk","D:\mlcq\data\Page.java","3","432","Avoid really long methods.","Design","ExcessiveMethodLength"
"2","com.facebook.ads.sdk","D:\mlcq\data\Page.java","3","45480","Avoid really long methods.","Design","ExcessiveMethodLength"
"1","org.apache.jasper.compiler","D:\mlcq\data\ParserController.java","3","338","Avoid really long methods.","Design","ExcessiveMethodLength"
"1","oracle.json.parser","D:\mlcq\data\PathParser.java","3","138","Avoid really long methods.","Design","ExcessiveMethodLength"
"2","oracle.json.parser","D:\mlcq\data\PathParser.java","3","264","Avoid really long methods.","Design","ExcessiveMethodLength"
"1","org.apache.openejb.util","D:\mlcq\data\Pool.java","3","661","Avoid really long methods.","Design","ExcessiveMethodLength"
"1","org.eclipse.kura.web.client.ui.firewall","D:\mlcq\data\PortForwardingTabUi.java","3","250","Avoid really long methods.","Design","ExcessiveMethodLength"
"2","org.eclipse.kura.web.client.ui.firewall","D:\mlcq\data\PortForwardingTabUi.java","3","644","Avoid really long methods.","Design","ExcessiveMethodLength"
"1","org.eclipse.titan.runtime.core","D:\mlcq\data\PreGenRecordOf.java","3","3687","Avoid really long methods.","Design","ExcessiveMethodLength"
"2","org.eclipse.titan.runtime.core","D:\mlcq\data\PreGenRecordOf.java","3","23883","Avoid really long methods.","Design","ExcessiveMethodLength"
"3","org.eclipse.titan.runtime.core","D:\mlcq\data\PreGenRecordOf.java","3","25998","Avoid really long methods.","Design","ExcessiveMethodLength"
"4","org.eclipse.titan.runtime.core","D:\mlcq\data\PreGenRecordOf.java","3","28113","Avoid really long methods.","Design","ExcessiveMethodLength"
"5","org.eclipse.titan.runtime.core","D:\mlcq\data\PreGenRecordOf.java","3","30228","Avoid really long methods.","Design","ExcessiveMethodLength"
"6","org.eclipse.titan.runtime.core","D:\mlcq\data\PreGenRecordOf.java","3","32343","Avoid really long methods.","Design","ExcessiveMethodLength"
"7","org.eclipse.titan.runtime.core","D:\mlcq\data\PreGenRecordOf.java","3","36467","Avoid really long methods.","Design","ExcessiveMethodLength"
"8","org.eclipse.titan.runtime.core","D:\mlcq\data\PreGenRecordOf.java","3","38582","Avoid really long methods.","Design","ExcessiveMethodLength"
"9","org.eclipse.titan.runtime.core","D:\mlcq\data\PreGenRecordOf.java","3","40697","Avoid really long methods.","Design","ExcessiveMethodLength"
"10","org.eclipse.titan.runtime.core","D:\mlcq\data\PreGenRecordOf.java","3","42812","Avoid really long methods.","Design","ExcessiveMethodLength"
"11","org.eclipse.titan.runtime.core","D:\mlcq\data\PreGenRecordOf.java","3","44927","Avoid really long methods.","Design","ExcessiveMethodLength"
"12","org.eclipse.titan.runtime.core","D:\mlcq\data\PreGenRecordOf.java","3","47042","Avoid really long methods.","Design","ExcessiveMethodLength"
"13","org.eclipse.titan.runtime.core","D:\mlcq\data\PreGenRecordOf.java","3","53175","Avoid really long methods.","Design","ExcessiveMethodLength"
"14","org.eclipse.titan.runtime.core","D:\mlcq\data\PreGenRecordOf.java","3","55290","Avoid really long methods.","Design","ExcessiveMethodLength"
"15","org.eclipse.titan.runtime.core","D:\mlcq\data\PreGenRecordOf.java","3","57405","Avoid really long methods.","Design","ExcessiveMethodLength"
"16","org.eclipse.titan.runtime.core","D:\mlcq\data\PreGenRecordOf.java","3","63538","Avoid really long methods.","Design","ExcessiveMethodLength"
"1","org.eclipse.birt.data.engine.odaconsumer","D:\mlcq\data\PreparedStatement.java","3","1910","Avoid really long methods.","Design","ExcessiveMethodLength"
"2","org.eclipse.birt.data.engine.odaconsumer","D:\mlcq\data\PreparedStatement.java","3","3084","Avoid really long methods.","Design","ExcessiveMethodLength"
"3","org.eclipse.birt.data.engine.odaconsumer","D:\mlcq\data\PreparedStatement.java","3","3201","Avoid really long methods.","Design","ExcessiveMethodLength"
"4","org.eclipse.birt.data.engine.odaconsumer","D:\mlcq\data\PreparedStatement.java","3","3408","Avoid really long methods.","Design","ExcessiveMethodLength"
"1","com.facebook.ads.sdk","D:\mlcq\data\ProductCatalog.java","3","170","Avoid really long methods.","Design","ExcessiveMethodLength"
"1","com.facebook.ads.sdk","D:\mlcq\data\ProductFeedRule.java","3","154","Avoid really long methods.","Design","ExcessiveMethodLength"
"1","com.facebook.ads.sdk","D:\mlcq\data\ProductItemCommerceInsights.java","3","93","Avoid really long methods.","Design","ExcessiveMethodLength"
"1","com.oracle.truffle.r.nodes.function","D:\mlcq\data\RCallNode.java","3","461","Avoid really long methods.","Design","ExcessiveMethodLength"
"1","org.eclipse.birt.chart.examples.radar.model.type.impl","D:\mlcq\data\RadarTypePackageImpl.java","3","366","Avoid really long methods.","Design","ExcessiveMethodLength"
"1","org.apache.ofbiz.service.calendar","D:\mlcq\data\RecurrenceRule.java","3","511","Avoid really long methods.","Design","ExcessiveMethodLength"
"1","com.esri.core.geometry","D:\mlcq\data\RelationalOperations.java","3","42","Avoid really long methods.","Design","ExcessiveMethodLength"
"2","com.esri.core.geometry","D:\mlcq\data\RelationalOperations.java","3","1768","Avoid really long methods.","Design","ExcessiveMethodLength"
"3","com.esri.core.geometry","D:\mlcq\data\RelationalOperations.java","3","1884","Avoid really long methods.","Design","ExcessiveMethodLength"
"4","com.esri.core.geometry","D:\mlcq\data\RelationalOperations.java","3","3377","Avoid really long methods.","Design","ExcessiveMethodLength"
"5","com.esri.core.geometry","D:\mlcq\data\RelationalOperations.java","3","3553","Avoid really long methods.","Design","ExcessiveMethodLength"
"6","com.esri.core.geometry","D:\mlcq\data\RelationalOperations.java","3","3810","Avoid really long methods.","Design","ExcessiveMethodLength"
"7","com.esri.core.geometry","D:\mlcq\data\RelationalOperations.java","3","4139","Avoid really long methods.","Design","ExcessiveMethodLength"
"8","com.esri.core.geometry","D:\mlcq\data\RelationalOperations.java","3","4599","Avoid really long methods.","Design","ExcessiveMethodLength"
"9","com.esri.core.geometry","D:\mlcq\data\RelationalOperations.java","3","4754","Avoid really long methods.","Design","ExcessiveMethodLength"
"1","org.apache.openejb.config","D:\mlcq\data\RemoteServer.java","3","176","Avoid really long methods.","Design","ExcessiveMethodLength"
"1","org.eclipse.jdt.ls.core.internal.corext.refactoring.reorg","D:\mlcq\data\ReorgPolicyFactory.java","3","4187","Avoid really long methods.","Design","ExcessiveMethodLength"
"2","org.eclipse.jdt.ls.core.internal.corext.refactoring.reorg","D:\mlcq\data\ReorgPolicyFactory.java","3","4390","Avoid really long methods.","Design","ExcessiveMethodLength"
"1","org.apache.ivyde.eclipse.resolvevisualizer","D:\mlcq\data\ResolveVisualizerView.java","3","228","Avoid really long methods.","Design","ExcessiveMethodLength"
"1","org.eclipse.birt.report.designer.ui.preferences","D:\mlcq\data\ResourceConfigurationBlock.java","3","107","Avoid really long methods.","Design","ExcessiveMethodLength"
"1","com.cloud.resource","D:\mlcq\data\ResourceManagerImpl.java","3","377","Avoid really long methods.","Design","ExcessiveMethodLength"
"2","com.cloud.resource","D:\mlcq\data\ResourceManagerImpl.java","3","620","Avoid really long methods.","Design","ExcessiveMethodLength"
"3","com.cloud.resource","D:\mlcq\data\ResourceManagerImpl.java","3","833","Avoid really long methods.","Design","ExcessiveMethodLength"
"4","com.cloud.resource","D:\mlcq\data\ResourceManagerImpl.java","3","1031","Avoid really long methods.","Design","ExcessiveMethodLength"
"5","com.cloud.resource","D:\mlcq\data\ResourceManagerImpl.java","3","1719","Avoid really long methods.","Design","ExcessiveMethodLength"
"6","com.cloud.resource","D:\mlcq\data\ResourceManagerImpl.java","3","2037","Avoid really long methods.","Design","ExcessiveMethodLength"
"1","com.android.aapt","D:\mlcq\data\Resources.java","3","4985","Avoid really long methods.","Design","ExcessiveMethodLength"
"2","com.android.aapt","D:\mlcq\data\Resources.java","3","6126","Avoid really long methods.","Design","ExcessiveMethodLength"
"3","com.android.aapt","D:\mlcq\data\Resources.java","3","7646","Avoid really long methods.","Design","ExcessiveMethodLength"
"4","com.android.aapt","D:\mlcq\data\Resources.java","3","8712","Avoid really long methods.","Design","ExcessiveMethodLength"
"5","com.android.aapt","D:\mlcq\data\Resources.java","3","9591","Avoid really long methods.","Design","ExcessiveMethodLength"
"6","com.android.aapt","D:\mlcq\data\Resources.java","3","10440","Avoid really long methods.","Design","ExcessiveMethodLength"
"7","com.android.aapt","D:\mlcq\data\Resources.java","3","14662","Avoid really long methods.","Design","ExcessiveMethodLength"
"8","com.android.aapt","D:\mlcq\data\Resources.java","3","15570","Avoid really long methods.","Design","ExcessiveMethodLength"
"9","com.android.aapt","D:\mlcq\data\Resources.java","3","16582","Avoid really long methods.","Design","ExcessiveMethodLength"
"10","com.android.aapt","D:\mlcq\data\Resources.java","3","17459","Avoid really long methods.","Design","ExcessiveMethodLength"
"11","com.android.aapt","D:\mlcq\data\Resources.java","3","18273","Avoid really long methods.","Design","ExcessiveMethodLength"
"12","com.android.aapt","D:\mlcq\data\Resources.java","3","19616","Avoid really long methods.","Design","ExcessiveMethodLength"
"13","com.android.aapt","D:\mlcq\data\Resources.java","3","21182","Avoid really long methods.","Design","ExcessiveMethodLength"
"14","com.android.aapt","D:\mlcq\data\Resources.java","3","22494","Avoid really long methods.","Design","ExcessiveMethodLength"
"15","com.android.aapt","D:\mlcq\data\Resources.java","3","24166","Avoid really long methods.","Design","ExcessiveMethodLength"
"16","com.android.aapt","D:\mlcq\data\Resources.java","3","24836","Avoid really long methods.","Design","ExcessiveMethodLength"
"17","com.android.aapt","D:\mlcq\data\Resources.java","3","25889","Avoid really long methods.","Design","ExcessiveMethodLength"
"1","com.android.dx.rop.code","D:\mlcq\data\Rops.java","3","1122","Avoid really long methods.","Design","ExcessiveMethodLength"
"1","org.apache.camel.maven","D:\mlcq\data\RunMojo.java","3","326","Avoid really long methods.","Design","ExcessiveMethodLength"
"1","com.ibm.cloud.objectstorage.services.s3.internal","D:\mlcq\data\S3ErrorResponseHandler.java","3","72","Avoid really long methods.","Design","ExcessiveMethodLength"
"1","org.apache.xml.dtm.ref.sax2dtm","D:\mlcq\data\SAX2DTM2.java","3","2082","Avoid really long methods.","Design","ExcessiveMethodLength"
"2","org.apache.xml.dtm.ref.sax2dtm","D:\mlcq\data\SAX2DTM2.java","3","3013","Avoid really long methods.","Design","ExcessiveMethodLength"
"1","org.apache.directory.api.ldap.model.message","D:\mlcq\data\SearchRequestImpl.java","3","511","Avoid really long methods.","Design","ExcessiveMethodLength"
"1","org.apache.druid.indexing.seekablestream","D:\mlcq\data\SeekableStreamIndexTaskRunner.java","3","259","Avoid really long methods.","Design","ExcessiveMethodLength"
"2","org.apache.druid.indexing.seekablestream","D:\mlcq\data\SeekableStreamIndexTaskRunner.java","3","1431","Avoid really long methods.","Design","ExcessiveMethodLength"
"1","sage","D:\mlcq\data\Seeker.java","3","130","Avoid really long methods.","Design","ExcessiveMethodLength"
"2","sage","D:\mlcq\data\Seeker.java","3","592","Avoid really long methods.","Design","ExcessiveMethodLength"
"3","sage","D:\mlcq\data\Seeker.java","3","1026","Avoid really long methods.","Design","ExcessiveMethodLength"
"4","sage","D:\mlcq\data\Seeker.java","3","1411","Avoid really long methods.","Design","ExcessiveMethodLength"
"5","sage","D:\mlcq\data\Seeker.java","3","2157","Avoid really long methods.","Design","ExcessiveMethodLength"
"6","sage","D:\mlcq\data\Seeker.java","3","2552","Avoid really long methods.","Design","ExcessiveMethodLength"
"7","sage","D:\mlcq\data\Seeker.java","3","2783","Avoid really long methods.","Design","ExcessiveMethodLength"
"8","sage","D:\mlcq\data\Seeker.java","3","3090","Avoid really long methods.","Design","ExcessiveMethodLength"
"9","sage","D:\mlcq\data\Seeker.java","3","3305","Avoid really long methods.","Design","ExcessiveMethodLength"
"10","sage","D:\mlcq\data\Seeker.java","3","3598","Avoid really long methods.","Design","ExcessiveMethodLength"
"11","sage","D:\mlcq\data\Seeker.java","3","4016","Avoid really long methods.","Design","ExcessiveMethodLength"
"12","sage","D:\mlcq\data\Seeker.java","3","4537","Avoid really long methods.","Design","ExcessiveMethodLength"
"13","sage","D:\mlcq\data\Seeker.java","3","5062","Avoid really long methods.","Design","ExcessiveMethodLength"
"14","sage","D:\mlcq\data\Seeker.java","3","5483","Avoid really long methods.","Design","ExcessiveMethodLength"
"15","sage","D:\mlcq\data\Seeker.java","3","5673","Avoid really long methods.","Design","ExcessiveMethodLength"
"16","sage","D:\mlcq\data\Seeker.java","3","6699","Avoid really long methods.","Design","ExcessiveMethodLength"
"1","org.apache.hadoop.hive.ql.parse","D:\mlcq\data\SemanticAnalyzer.java","3","1022","Avoid really long methods.","Design","ExcessiveMethodLength"
"2","org.apache.hadoop.hive.ql.parse","D:\mlcq\data\SemanticAnalyzer.java","3","1543","Avoid really long methods.","Design","ExcessiveMethodLength"
"3","org.apache.hadoop.hive.ql.parse","D:\mlcq\data\SemanticAnalyzer.java","3","2077","Avoid really long methods.","Design","ExcessiveMethodLength"
"4","org.apache.hadoop.hive.ql.parse","D:\mlcq\data\SemanticAnalyzer.java","3","2659","Avoid really long methods.","Design","ExcessiveMethodLength"
"5","org.apache.hadoop.hive.ql.parse","D:\mlcq\data\SemanticAnalyzer.java","3","2803","Avoid really long methods.","Design","ExcessiveMethodLength"
"6","org.apache.hadoop.hive.ql.parse","D:\mlcq\data\SemanticAnalyzer.java","3","2978","Avoid really long methods.","Design","ExcessiveMethodLength"
"7","org.apache.hadoop.hive.ql.parse","D:\mlcq\data\SemanticAnalyzer.java","3","3291","Avoid really long methods.","Design","ExcessiveMethodLength"
"8","org.apache.hadoop.hive.ql.parse","D:\mlcq\data\SemanticAnalyzer.java","3","3554","Avoid really long methods.","Design","ExcessiveMethodLength"
"9","org.apache.hadoop.hive.ql.parse","D:\mlcq\data\SemanticAnalyzer.java","3","3884","Avoid really long methods.","Design","ExcessiveMethodLength"
"10","org.apache.hadoop.hive.ql.parse","D:\mlcq\data\SemanticAnalyzer.java","3","4367","Avoid really long methods.","Design","ExcessiveMethodLength"
"11","org.apache.hadoop.hive.ql.parse","D:\mlcq\data\SemanticAnalyzer.java","3","4953","Avoid really long methods.","Design","ExcessiveMethodLength"
"12","org.apache.hadoop.hive.ql.parse","D:\mlcq\data\SemanticAnalyzer.java","3","5163","Avoid really long methods.","Design","ExcessiveMethodLength"
"13","org.apache.hadoop.hive.ql.parse","D:\mlcq\data\SemanticAnalyzer.java","3","5389","Avoid really long methods.","Design","ExcessiveMethodLength"
"14","org.apache.hadoop.hive.ql.parse","D:\mlcq\data\SemanticAnalyzer.java","3","5963","Avoid really long methods.","Design","ExcessiveMethodLength"
"15","org.apache.hadoop.hive.ql.parse","D:\mlcq\data\SemanticAnalyzer.java","3","6133","Avoid really long methods.","Design","ExcessiveMethodLength"
"16","org.apache.hadoop.hive.ql.parse","D:\mlcq\data\SemanticAnalyzer.java","3","6475","Avoid really long methods.","Design","ExcessiveMethodLength"
"17","org.apache.hadoop.hive.ql.parse","D:\mlcq\data\SemanticAnalyzer.java","3","7179","Avoid really long methods.","Design","ExcessiveMethodLength"
"18","org.apache.hadoop.hive.ql.parse","D:\mlcq\data\SemanticAnalyzer.java","3","8165","Avoid really long methods.","Design","ExcessiveMethodLength"
"19","org.apache.hadoop.hive.ql.parse","D:\mlcq\data\SemanticAnalyzer.java","3","8665","Avoid really long methods.","Design","ExcessiveMethodLength"
"20","org.apache.hadoop.hive.ql.parse","D:\mlcq\data\SemanticAnalyzer.java","3","8812","Avoid really long methods.","Design","ExcessiveMethodLength"
"21","org.apache.hadoop.hive.ql.parse","D:\mlcq\data\SemanticAnalyzer.java","3","8993","Avoid really long methods.","Design","ExcessiveMethodLength"
"22","org.apache.hadoop.hive.ql.parse","D:\mlcq\data\SemanticAnalyzer.java","3","9569","Avoid really long methods.","Design","ExcessiveMethodLength"
"23","org.apache.hadoop.hive.ql.parse","D:\mlcq\data\SemanticAnalyzer.java","3","9673","Avoid really long methods.","Design","ExcessiveMethodLength"
"24","org.apache.hadoop.hive.ql.parse","D:\mlcq\data\SemanticAnalyzer.java","3","10002","Avoid really long methods.","Design","ExcessiveMethodLength"
"25","org.apache.hadoop.hive.ql.parse","D:\mlcq\data\SemanticAnalyzer.java","3","10396","Avoid really long methods.","Design","ExcessiveMethodLength"
"26","org.apache.hadoop.hive.ql.parse","D:\mlcq\data\SemanticAnalyzer.java","3","10563","Avoid really long methods.","Design","ExcessiveMethodLength"
"27","org.apache.hadoop.hive.ql.parse","D:\mlcq\data\SemanticAnalyzer.java","3","10696","Avoid really long methods.","Design","ExcessiveMethodLength"
"28","org.apache.hadoop.hive.ql.parse","D:\mlcq\data\SemanticAnalyzer.java","3","10806","Avoid really long methods.","Design","ExcessiveMethodLength"
"29","org.apache.hadoop.hive.ql.parse","D:\mlcq\data\SemanticAnalyzer.java","3","11110","Avoid really long methods.","Design","ExcessiveMethodLength"
"30","org.apache.hadoop.hive.ql.parse","D:\mlcq\data\SemanticAnalyzer.java","3","11473","Avoid really long methods.","Design","ExcessiveMethodLength"
"31","org.apache.hadoop.hive.ql.parse","D:\mlcq\data\SemanticAnalyzer.java","3","11964","Avoid really long methods.","Design","ExcessiveMethodLength"
"32","org.apache.hadoop.hive.ql.parse","D:\mlcq\data\SemanticAnalyzer.java","3","12320","Avoid really long methods.","Design","ExcessiveMethodLength"
"33","org.apache.hadoop.hive.ql.parse","D:\mlcq\data\SemanticAnalyzer.java","3","12597","Avoid really long methods.","Design","ExcessiveMethodLength"
"34","org.apache.hadoop.hive.ql.parse","D:\mlcq\data\SemanticAnalyzer.java","3","13215","Avoid really long methods.","Design","ExcessiveMethodLength"
"35","org.apache.hadoop.hive.ql.parse","D:\mlcq\data\SemanticAnalyzer.java","3","13625","Avoid really long methods.","Design","ExcessiveMethodLength"
"36","org.apache.hadoop.hive.ql.parse","D:\mlcq\data\SemanticAnalyzer.java","3","13856","Avoid really long methods.","Design","ExcessiveMethodLength"
"1","com.vmware.xenon.common","D:\mlcq\data\ServiceHost.java","3","1539","Avoid really long methods.","Design","ExcessiveMethodLength"
"2","com.vmware.xenon.common","D:\mlcq\data\ServiceHost.java","3","1699","Avoid really long methods.","Design","ExcessiveMethodLength"
"3","com.vmware.xenon.common","D:\mlcq\data\ServiceHost.java","3","2700","Avoid really long methods.","Design","ExcessiveMethodLength"
"4","com.vmware.xenon.common","D:\mlcq\data\ServiceHost.java","3","2965","Avoid really long methods.","Design","ExcessiveMethodLength"
"5","com.vmware.xenon.common","D:\mlcq\data\ServiceHost.java","3","3098","Avoid really long methods.","Design","ExcessiveMethodLength"
"1","org.apache.camel.component.file.remote","D:\mlcq\data\SftpOperations.java","3","193","Avoid really long methods.","Design","ExcessiveMethodLength"
"2","org.apache.camel.component.file.remote","D:\mlcq\data\SftpOperations.java","3","779","Avoid really long methods.","Design","ExcessiveMethodLength"
"1","org.robolectric.annotation.processing.generator","D:\mlcq\data\ShadowProviderGenerator.java","3","67","Avoid really long methods.","Design","ExcessiveMethodLength"
"1","org.apache.royale.compiler.internal.fxg.swf","D:\mlcq\data\ShapeHelper.java","3","143","Avoid really long methods.","Design","ExcessiveMethodLength"
"2","org.apache.royale.compiler.internal.fxg.swf","D:\mlcq\data\ShapeHelper.java","3","609","Avoid really long methods.","Design","ExcessiveMethodLength"
"1","org.apache.manifoldcf.authorities.authorities.sharepoint","D:\mlcq\data\SharePointADAuthority.java","3","336","Avoid really long methods.","Design","ExcessiveMethodLength"
"1","org.springframework.orm.jpa","D:\mlcq\data\SharedEntityManagerCreator.java","3","214","Avoid really long methods.","Design","ExcessiveMethodLength"
"1","org.apache.ofbiz.order.shoppingcart","D:\mlcq\data\ShoppingCart.java","3","4156","Avoid really long methods.","Design","ExcessiveMethodLength"
"2","org.apache.ofbiz.order.shoppingcart","D:\mlcq\data\ShoppingCart.java","3","4523","Avoid really long methods.","Design","ExcessiveMethodLength"
"3","org.apache.ofbiz.order.shoppingcart","D:\mlcq\data\ShoppingCart.java","3","4830","Avoid really long methods.","Design","ExcessiveMethodLength"
"1","org.apache.cxf.binding.soap","D:\mlcq\data\SoapBindingFactory.java","3","337","Avoid really long methods.","Design","ExcessiveMethodLength"
"1","org.eclipse.birt.report.designer.internal.ui.views.attributes.widget","D:\mlcq\data\SortingFormPropertyDescriptor.java","3","234","Avoid really long methods.","Design","ExcessiveMethodLength"
"1","org.springframework.ide.eclipse.quickfix.jdt.copied","D:\mlcq\data\StubUtility.java","3","684","Avoid really long methods.","Design","ExcessiveMethodLength"
"1","org.eclipse.swt.custom","D:\mlcq\data\StyledTextRenderer.java","3","934","Avoid really long methods.","Design","ExcessiveMethodLength"
"2","org.eclipse.swt.custom","D:\mlcq\data\StyledTextRenderer.java","3","1477","Avoid really long methods.","Design","ExcessiveMethodLength"
"3","org.eclipse.swt.custom","D:\mlcq\data\StyledTextRenderer.java","3","1630","Avoid really long methods.","Design","ExcessiveMethodLength"
"4","org.eclipse.swt.custom","D:\mlcq\data\StyledTextRenderer.java","3","1786","Avoid really long methods.","Design","ExcessiveMethodLength"
"1","sun.font","D:\mlcq\data\SunFontManager.java","3","305","Avoid really long methods.","Design","ExcessiveMethodLength"
"2","sun.font","D:\mlcq\data\SunFontManager.java","3","309","Avoid really long methods.","Design","ExcessiveMethodLength"
"3","sun.font","D:\mlcq\data\SunFontManager.java","3","643","Avoid really long methods.","Design","ExcessiveMethodLength"
"4","sun.font","D:\mlcq\data\SunFontManager.java","3","1215","Avoid really long methods.","Design","ExcessiveMethodLength"
"5","sun.font","D:\mlcq\data\SunFontManager.java","3","1497","Avoid really long methods.","Design","ExcessiveMethodLength"
"6","sun.font","D:\mlcq\data\SunFontManager.java","3","1931","Avoid really long methods.","Design","ExcessiveMethodLength"
"7","sun.font","D:\mlcq\data\SunFontManager.java","3","3185","Avoid really long methods.","Design","ExcessiveMethodLength"
"1","org.apache.qpid.server.virtualhost","D:\mlcq\data\SynchronousMessageStoreRecoverer.java","3","293","Avoid really long methods.","Design","ExcessiveMethodLength"
"1","org.eclipse.swt.widgets","D:\mlcq\data\Table.java","3","938","Avoid really long methods.","Design","ExcessiveMethodLength"
"1","org.apache.accumulo.core.master.thrift","D:\mlcq\data\TableInfo.java","3","759","Avoid really long methods.","Design","ExcessiveMethodLength"
"2","org.apache.accumulo.core.master.thrift","D:\mlcq\data\TableInfo.java","3","914","Avoid really long methods.","Design","ExcessiveMethodLength"
"3","org.apache.accumulo.core.master.thrift","D:\mlcq\data\TableInfo.java","3","1165","Avoid really long methods.","Design","ExcessiveMethodLength"
"1","org.apache.accumulo.core.tabletserver.thrift","D:\mlcq\data\TabletClientService.java","3","6502","Avoid really long methods.","Design","ExcessiveMethodLength"
"2","org.apache.accumulo.core.tabletserver.thrift","D:\mlcq\data\TabletClientService.java","3","6742","Avoid really long methods.","Design","ExcessiveMethodLength"
"3","org.apache.accumulo.core.tabletserver.thrift","D:\mlcq\data\TabletClientService.java","3","6957","Avoid really long methods.","Design","ExcessiveMethodLength"
"4","org.apache.accumulo.core.tabletserver.thrift","D:\mlcq\data\TabletClientService.java","3","7141","Avoid really long methods.","Design","ExcessiveMethodLength"
"5","org.apache.accumulo.core.tabletserver.thrift","D:\mlcq\data\TabletClientService.java","3","7302","Avoid really long methods.","Design","ExcessiveMethodLength"
"6","org.apache.accumulo.core.tabletserver.thrift","D:\mlcq\data\TabletClientService.java","3","7524","Avoid really long methods.","Design","ExcessiveMethodLength"
"7","org.apache.accumulo.core.tabletserver.thrift","D:\mlcq\data\TabletClientService.java","3","7658","Avoid really long methods.","Design","ExcessiveMethodLength"
"8","org.apache.accumulo.core.tabletserver.thrift","D:\mlcq\data\TabletClientService.java","3","7800","Avoid really long methods.","Design","ExcessiveMethodLength"
"9","org.apache.accumulo.core.tabletserver.thrift","D:\mlcq\data\TabletClientService.java","3","11352","Avoid really long methods.","Design","ExcessiveMethodLength"
"10","org.apache.accumulo.core.tabletserver.thrift","D:\mlcq\data\TabletClientService.java","3","11521","Avoid really long methods.","Design","ExcessiveMethodLength"
"11","org.apache.accumulo.core.tabletserver.thrift","D:\mlcq\data\TabletClientService.java","3","11800","Avoid really long methods.","Design","ExcessiveMethodLength"
"12","org.apache.accumulo.core.tabletserver.thrift","D:\mlcq\data\TabletClientService.java","3","12012","Avoid really long methods.","Design","ExcessiveMethodLength"
"13","org.apache.accumulo.core.tabletserver.thrift","D:\mlcq\data\TabletClientService.java","3","12147","Avoid really long methods.","Design","ExcessiveMethodLength"
"14","org.apache.accumulo.core.tabletserver.thrift","D:\mlcq\data\TabletClientService.java","3","12278","Avoid really long methods.","Design","ExcessiveMethodLength"
"1","org.apache.hadoop.hive.llap.daemon.impl","D:\mlcq\data\TaskRunnerCallable.java","3","191","Avoid really long methods.","Design","ExcessiveMethodLength"
"1","org.apache.derbyTesting.system.nstest.tester","D:\mlcq\data\TesterObject.java","3","220","Avoid really long methods.","Design","ExcessiveMethodLength"
"1","org.apache.fop.layoutmgr.inline","D:\mlcq\data\TextLayoutManager.java","3","748","Avoid really long methods.","Design","ExcessiveMethodLength"
"1","org.apache.openejb.cdi","D:\mlcq\data\ThreadSingletonServiceImpl.java","3","102","Avoid really long methods.","Design","ExcessiveMethodLength"
"1","org.apache.hadoop.hive.metastore.api","D:\mlcq\data\ThriftHiveMetastore (1).java","3","14990","Avoid really long methods.","Design","ExcessiveMethodLength"
"2","org.apache.hadoop.hive.metastore.api","D:\mlcq\data\ThriftHiveMetastore (1).java","3","20927","Avoid really long methods.","Design","ExcessiveMethodLength"
"3","org.apache.hadoop.hive.metastore.api","D:\mlcq\data\ThriftHiveMetastore (1).java","3","58278","Avoid really long methods.","Design","ExcessiveMethodLength"
"1","org.apache.hadoop.hive.metastore.api","D:\mlcq\data\ThriftHiveMetastore.java","3","14990","Avoid really long methods.","Design","ExcessiveMethodLength"
"2","org.apache.hadoop.hive.metastore.api","D:\mlcq\data\ThriftHiveMetastore.java","3","20927","Avoid really long methods.","Design","ExcessiveMethodLength"
"3","org.apache.hadoop.hive.metastore.api","D:\mlcq\data\ThriftHiveMetastore.java","3","58278","Avoid really long methods.","Design","ExcessiveMethodLength"
"1","org.apache.brooklyn.util.time","D:\mlcq\data\Time.java","3","694","Avoid really long methods.","Design","ExcessiveMethodLength"
"1","org.apache.batik.anim.timing","D:\mlcq\data\TimedElement.java","3","601","Avoid really long methods.","Design","ExcessiveMethodLength"
"2","org.apache.batik.anim.timing","D:\mlcq\data\TimedElement.java","3","897","Avoid really long methods.","Design","ExcessiveMethodLength"
"1","software.amazon.ion","D:\mlcq\data\Timestamp.java","3","867","Avoid really long methods.","Design","ExcessiveMethodLength"
"1","org.apache.xalan.transformer","D:\mlcq\data\TransformerImpl.java","3","536","Avoid really long methods.","Design","ExcessiveMethodLength"
"2","org.apache.xalan.transformer","D:\mlcq\data\TransformerImpl.java","3","952","Avoid really long methods.","Design","ExcessiveMethodLength"
"3","org.apache.xalan.transformer","D:\mlcq\data\TransformerImpl.java","3","1183","Avoid really long methods.","Design","ExcessiveMethodLength"
"4","org.apache.xalan.transformer","D:\mlcq\data\TransformerImpl.java","3","1960","Avoid really long methods.","Design","ExcessiveMethodLength"
"1","org.eclipse.che.ide.ui.tree","D:\mlcq\data\Tree.java","3","356","Avoid really long methods.","Design","ExcessiveMethodLength"
"1","org.eclipse.jdt.core.tests.model","D:\mlcq\data\TypeHierarchyTests.java","3","70","Avoid really long methods.","Design","ExcessiveMethodLength"
"2","org.eclipse.jdt.core.tests.model","D:\mlcq\data\TypeHierarchyTests.java","3","3110","Avoid really long methods.","Design","ExcessiveMethodLength"
"1","com.sun.tools.javac.code","D:\mlcq\data\Types.java","3","3671","Avoid really long methods.","Design","ExcessiveMethodLength"
"1","org.eclipse.milo.opcua.sdk.server.namespaces.loader","D:\mlcq\data\UaVariableLoader (1).java","3","274","Avoid really long methods.","Design","ExcessiveMethodLength"
"2","org.eclipse.milo.opcua.sdk.server.namespaces.loader","D:\mlcq\data\UaVariableLoader (1).java","3","13076","Avoid really long methods.","Design","ExcessiveMethodLength"
"3","org.eclipse.milo.opcua.sdk.server.namespaces.loader","D:\mlcq\data\UaVariableLoader (1).java","3","15434","Avoid really long methods.","Design","ExcessiveMethodLength"
"1","org.eclipse.milo.opcua.sdk.server.namespaces.loader","D:\mlcq\data\UaVariableLoader.java","3","274","Avoid really long methods.","Design","ExcessiveMethodLength"
"2","org.eclipse.milo.opcua.sdk.server.namespaces.loader","D:\mlcq\data\UaVariableLoader.java","3","13076","Avoid really long methods.","Design","ExcessiveMethodLength"
"3","org.eclipse.milo.opcua.sdk.server.namespaces.loader","D:\mlcq\data\UaVariableLoader.java","3","15434","Avoid really long methods.","Design","ExcessiveMethodLength"
"1","org.cloudfoundry.identity.uaa.oauth","D:\mlcq\data\UaaAuthorizationEndpoint.java","3","127","Avoid really long methods.","Design","ExcessiveMethodLength"
"1","android.icu.text","D:\mlcq\data\UnicodeSet.java","3","2405","Avoid really long methods.","Design","ExcessiveMethodLength"
"2","android.icu.text","D:\mlcq\data\UnicodeSet.java","3","3363","Avoid really long methods.","Design","ExcessiveMethodLength"
"1","org.eclipse.wst.xsd.ui.internal.common.commands","D:\mlcq\data\UpdateStringLengthFacetCommand.java","3","45","Avoid really long methods.","Design","ExcessiveMethodLength"
"1","org.eclipse.jgit.transport","D:\mlcq\data\UploadPack.java","3","941","Avoid really long methods.","Design","ExcessiveMethodLength"
"2","org.eclipse.jgit.transport","D:\mlcq\data\UploadPack.java","3","1097","Avoid really long methods.","Design","ExcessiveMethodLength"
"3","org.eclipse.jgit.transport","D:\mlcq\data\UploadPack.java","3","2062","Avoid really long methods.","Design","ExcessiveMethodLength"
"1","org.grails.ide.eclipse.editor.actions","D:\mlcq\data\UrlMappingHyperlinkDetector.java","3","164","Avoid really long methods.","Design","ExcessiveMethodLength"
"1","org.apache.drill.exec.proto","D:\mlcq\data\UserBitShared.java","3","16070","Avoid really long methods.","Design","ExcessiveMethodLength"
"2","org.apache.drill.exec.proto","D:\mlcq\data\UserBitShared.java","3","17088","Avoid really long methods.","Design","ExcessiveMethodLength"
"3","org.apache.drill.exec.proto","D:\mlcq\data\UserBitShared.java","3","17210","Avoid really long methods.","Design","ExcessiveMethodLength"
"4","org.apache.drill.exec.proto","D:\mlcq\data\UserBitShared.java","3","17525","Avoid really long methods.","Design","ExcessiveMethodLength"
"5","org.apache.drill.exec.proto","D:\mlcq\data\UserBitShared.java","3","17677","Avoid really long methods.","Design","ExcessiveMethodLength"
"6","org.apache.drill.exec.proto","D:\mlcq\data\UserBitShared.java","3","20431","Avoid really long methods.","Design","ExcessiveMethodLength"
"1","org.apache.drill.exec.proto","D:\mlcq\data\UserProtos.java","3","6326","Avoid really long methods.","Design","ExcessiveMethodLength"
"2","org.apache.drill.exec.proto","D:\mlcq\data\UserProtos.java","3","10693","Avoid really long methods.","Design","ExcessiveMethodLength"
"3","org.apache.drill.exec.proto","D:\mlcq\data\UserProtos.java","3","23838","Avoid really long methods.","Design","ExcessiveMethodLength"
"4","org.apache.drill.exec.proto","D:\mlcq\data\UserProtos.java","3","28199","Avoid really long methods.","Design","ExcessiveMethodLength"
"5","org.apache.drill.exec.proto","D:\mlcq\data\UserProtos.java","3","29202","Avoid really long methods.","Design","ExcessiveMethodLength"
"6","org.apache.drill.exec.proto","D:\mlcq\data\UserProtos.java","3","36871","Avoid really long methods.","Design","ExcessiveMethodLength"
"7","org.apache.drill.exec.proto","D:\mlcq\data\UserProtos.java","3","39152","Avoid really long methods.","Design","ExcessiveMethodLength"
"8","org.apache.drill.exec.proto","D:\mlcq\data\UserProtos.java","3","39308","Avoid really long methods.","Design","ExcessiveMethodLength"
"9","org.apache.drill.exec.proto","D:\mlcq\data\UserProtos.java","3","39561","Avoid really long methods.","Design","ExcessiveMethodLength"
"10","org.apache.drill.exec.proto","D:\mlcq\data\UserProtos.java","3","39779","Avoid really long methods.","Design","ExcessiveMethodLength"
"11","org.apache.drill.exec.proto","D:\mlcq\data\UserProtos.java","3","40126","Avoid really long methods.","Design","ExcessiveMethodLength"
"12","org.apache.drill.exec.proto","D:\mlcq\data\UserProtos.java","3","40256","Avoid really long methods.","Design","ExcessiveMethodLength"
"13","org.apache.drill.exec.proto","D:\mlcq\data\UserProtos.java","3","40526","Avoid really long methods.","Design","ExcessiveMethodLength"
"1","android.icu.util","D:\mlcq\data\VTimeZone.java","3","532","Avoid really long methods.","Design","ExcessiveMethodLength"
"2","android.icu.util","D:\mlcq\data\VTimeZone.java","3","832","Avoid really long methods.","Design","ExcessiveMethodLength"
"3","android.icu.util","D:\mlcq\data\VTimeZone.java","3","1037","Avoid really long methods.","Design","ExcessiveMethodLength"
"4","android.icu.util","D:\mlcq\data\VTimeZone.java","3","1216","Avoid really long methods.","Design","ExcessiveMethodLength"
"1","org.apache.directory.fortress.core.util","D:\mlcq\data\VUtil.java","3","560","Avoid really long methods.","Design","ExcessiveMethodLength"
"1","org.apache.wiki.providers","D:\mlcq\data\VersioningFileProvider.java","3","420","Avoid really long methods.","Design","ExcessiveMethodLength"
"1","org.apache.tez.dag.app.dag.impl","D:\mlcq\data\VertexImpl.java","3","872","Avoid really long methods.","Design","ExcessiveMethodLength"
"2","org.apache.tez.dag.app.dag.impl","D:\mlcq\data\VertexImpl.java","3","1748","Avoid really long methods.","Design","ExcessiveMethodLength"
"3","org.apache.tez.dag.app.dag.impl","D:\mlcq\data\VertexImpl.java","3","2677","Avoid really long methods.","Design","ExcessiveMethodLength"
"4","org.apache.tez.dag.app.dag.impl","D:\mlcq\data\VertexImpl.java","3","2892","Avoid really long methods.","Design","ExcessiveMethodLength"
"5","org.apache.tez.dag.app.dag.impl","D:\mlcq\data\VertexImpl.java","3","3779","Avoid really long methods.","Design","ExcessiveMethodLength"
"6","org.apache.tez.dag.app.dag.impl","D:\mlcq\data\VertexImpl.java","3","3901","Avoid really long methods.","Design","ExcessiveMethodLength"
"1","org.apache.manifoldcf.crawler.connectors.webcrawler","D:\mlcq\data\WebcrawlerConnector.java","3","587","Avoid really long methods.","Design","ExcessiveMethodLength"
"2","org.apache.manifoldcf.crawler.connectors.webcrawler","D:\mlcq\data\WebcrawlerConnector.java","3","781","Avoid really long methods.","Design","ExcessiveMethodLength"
"3","org.apache.manifoldcf.crawler.connectors.webcrawler","D:\mlcq\data\WebcrawlerConnector.java","3","1267","Avoid really long methods.","Design","ExcessiveMethodLength"
"4","org.apache.manifoldcf.crawler.connectors.webcrawler","D:\mlcq\data\WebcrawlerConnector.java","3","1730","Avoid really long methods.","Design","ExcessiveMethodLength"
"5","org.apache.manifoldcf.crawler.connectors.webcrawler","D:\mlcq\data\WebcrawlerConnector.java","3","1899","Avoid really long methods.","Design","ExcessiveMethodLength"
"6","org.apache.manifoldcf.crawler.connectors.webcrawler","D:\mlcq\data\WebcrawlerConnector.java","3","2678","Avoid really long methods.","Design","ExcessiveMethodLength"
"7","org.apache.manifoldcf.crawler.connectors.webcrawler","D:\mlcq\data\WebcrawlerConnector.java","3","3185","Avoid really long methods.","Design","ExcessiveMethodLength"
"8","org.apache.manifoldcf.crawler.connectors.webcrawler","D:\mlcq\data\WebcrawlerConnector.java","3","3481","Avoid really long methods.","Design","ExcessiveMethodLength"
"9","org.apache.manifoldcf.crawler.connectors.webcrawler","D:\mlcq\data\WebcrawlerConnector.java","3","5665","Avoid really long methods.","Design","ExcessiveMethodLength"
"1","org.eclipse.ui.internal","D:\mlcq\data\Workbench.java","3","1537","Avoid really long methods.","Design","ExcessiveMethodLength"
"2","org.eclipse.ui.internal","D:\mlcq\data\Workbench.java","3","1791","Avoid really long methods.","Design","ExcessiveMethodLength"
"3","org.eclipse.ui.internal","D:\mlcq\data\Workbench.java","3","2083","Avoid really long methods.","Design","ExcessiveMethodLength"
"4","org.eclipse.ui.internal","D:\mlcq\data\Workbench.java","3","2530","Avoid really long methods.","Design","ExcessiveMethodLength"
"5","org.eclipse.ui.internal","D:\mlcq\data\Workbench.java","3","2818","Avoid really long methods.","Design","ExcessiveMethodLength"
"6","org.eclipse.ui.internal","D:\mlcq\data\Workbench.java","3","2930","Avoid really long methods.","Design","ExcessiveMethodLength"
"1","sun.awt.X11","D:\mlcq\data\XListPeer.java","3","794","Avoid really long methods.","Design","ExcessiveMethodLength"
"2","sun.awt.X11","D:\mlcq\data\XListPeer.java","3","1100","Avoid really long methods.","Design","ExcessiveMethodLength"
"1","com.sun.org.apache.xerces.internal.impl.xs","D:\mlcq\data\XMLSchemaLoader.java","3","759","Avoid really long methods.","Design","ExcessiveMethodLength"
"2","com.sun.org.apache.xerces.internal.impl.xs","D:\mlcq\data\XMLSchemaLoader.java","3","1000","Avoid really long methods.","Design","ExcessiveMethodLength"
"1","org.apache.ode.bpel.elang.xquery10.compiler","D:\mlcq\data\XQuery10ExpressionCompilerImpl.java","3","147","Avoid really long methods.","Design","ExcessiveMethodLength"
"1","org.eclipse.xtext.xbase.validation","D:\mlcq\data\XbaseValidator.java","3","630","Avoid really long methods.","Design","ExcessiveMethodLength"
"1","org.eclipse.xtext.xtext.ecoreInference","D:\mlcq\data\Xtext2EcoreTransformer.java","3","393","Avoid really long methods.","Design","ExcessiveMethodLength"
